{"stats":{"minecraft:picked_up":{"minecraft:porkchop":5,"cataclysm:cursed_eye":10},"minecraft:dropped":{"minecraft:porkchop":1},"minecraft:used":{"cataclysm:cursed_eye":10},"minecraft:custom":{"minecraft:jump":40,"minecraft:time_since_rest":4568,"minecraft:damage_dealt":200,"minecraft:leave_game":2,"minecraft:play_time":4568,"minecraft:sprint_one_cm":2790,"minecraft:time_since_death":4568,"minecraft:walk_one_cm":3709,"minecraft:sneak_time":23,"minecraft:total_world_time":4568,"minecraft:mob_kills":2,"minecraft:fly_one_cm":20090,"minecraft:drop":1},"minecraft:killed":{"minecraft:pig":2}},"DataVersion":3465}