{"stats":{"minecraft:picked_up":{"minecraft:porkchop":11,"cataclysm:cursed_eye":10},"minecraft:killed":{"minecraft:pig":4},"minecraft:used":{"cataclysm:cursed_eye":10,"minecraft:netherite_sword":2,"minecraft:stone":2,"minecraft:grass_block":1},"minecraft:dropped":{"minecraft:porkchop":1},"minecraft:custom":{"minecraft:jump":60,"minecraft:time_since_rest":7041,"minecraft:damage_dealt":420,"minecraft:leave_game":2,"minecraft:play_time":7041,"minecraft:sprint_one_cm":4621,"minecraft:time_since_death":7041,"minecraft:walk_one_cm":4872,"minecraft:sneak_time":30,"minecraft:total_world_time":7041,"minecraft:mob_kills":4,"minecraft:fly_one_cm":54467,"minecraft:drop":1}},"DataVersion":3465}